{"secq": [0.0, 1.0, 0.0, 0.0, 0.0, -0.0187784, -0.1877074, -0.0669918, 0.0, 0.0, 0.0, 0.0, 0.0, 0.0, 0.0, 0.0, 0.0], "sscale": [0.5, 0.0, 0.0, 0.0, 0.0, 0.1666667, 1.0, 1.0, 0.5, 0.5, 0.5, 0.0, 0.0, 0.0, 0.0, 0.0, 0.5], "seccnD3": [0.9117922, 0.9117922, 0.0, 0.0, 0.0, 3.1417714, 2.9902643, 0.9999501, 0.999, 1.0, 0.979, 0.0, 0.0, 0.0, 0.0, 0.0, 0.995], "seccn": [0.8943405, 0.8943405, 0.0, 0.0, 0.0, 3.030856, 2.5786984, 0.8555886, 0.98, 0.981, 0.961, 0.0, 0.0, 0.0, 0.0, 0.0, 0.977], "secaiw": [[5.441516, 5.441516, 0.0, 0.0, 0.0, 68.583259, 13.892858, 12.939042, 10.397587, 11.612543, 8.1455493, 0.0, 0.0, 0.0, 0.0, 0.0, 30.5968154], [5.391272, 5.391272, 0.0, 0.0, 0.0, 67.511526, 13.733566, 12.821511, 10.314423, 11.54105, 8.1058081, 0.0, 0.0, 0.0, 0.0, 0.0, 30.2907908], [5.246678, 5.246678, 0.0, 0.0, 0.0, 64.612308, 13.294895, 12.488787, 10.080231, 11.333241, 7.9903083, 0.0, 0.0, 0.0, 0.0, 0.0, 29.4281025], [4.746257, 4.746257, 0.0, 0.0, 0.0, 56.128665, 11.934271, 11.386175, 9.315048, 10.589527, 7.5756433, 0.0, 0.0, 0.0, 0.0, 0.0, 26.5588368], [4.112205, 4.112205, 0.0, 0.0, 0.0, 47.431831, 10.402205, 10.054713, 8.402702, 9.58863, 7.0109396, 0.0, 0.0, 0.0, 0.0, 0.0, 23.0571447], [3.482799, 3.482799, 0.0, 0.0, 0.0, 39.945919, 8.970619, 8.759306, 7.509512, 8.522841, 6.3972855, 0.0, 0.0, 0.0, 0.0, 0.0, 19.6470649], [2.925626, 2.925626, 0.0, 0.0, 0.0, 33.781489, 7.721814, 7.605522, 6.693911, 7.510635, 5.7985381, 0.0, 0.0, 0.0, 0.0, 0.0, 16.6420247], [2.458602, 2.458602, 0.0, 0.0, 0.0, 28.755302, 6.663568, 6.616659, 5.970069, 6.604314, 5.2452249, 0.0, 0.0, 0.0, 0.0, 0.0, 14.1130996], [2.07639, 2.07639, 0.0, 0.0, 0.0, 24.656147, 5.777234, 5.782386, 5.336182, 5.816428, 4.7476246, 0.0, 0.0, 0.0, 0.0, 0.0, 12.0267253], [1.766035, 1.766035, 0.0, 0.0, 0.0, 21.299286, 5.037134, 5.081699, 4.78453, 5.140655, 4.305951, 0.0, 0.0, 0.0, 0.0, 0.0, 10.3165485], [1.513898, 1.513898, 0.0, 0.0, 0.0, 18.534033, 4.418173, 4.492484, 4.305457, 4.563685, 3.9161167, 0.0, 0.0, 0.0, 0.0, 0.0, 8.9140109], [1.308074, 1.308074, 0.0, 0.0, 0.0, 16.240648, 3.898441, 3.994963, 3.889198, 4.070924, 3.572571, 0.0, 0.0, 0.0, 0.0, 0.0, 7.759014], [0.998777, 0.998777, 0.0, 0.0, 0.0, 12.713369, 3.087224, 3.211719, 3.210059, 3.285813, 3.0018411, 0.0, 0.0, 0.0, 0.0, 0.0, 6.0042243], [0.78336, 0.78336, 0.0, 0.0, 0.0, 10.183205, 2.495633, 2.633383, 2.687884, 2.699453, 2.5535671, 0.0, 0.0, 0.0, 0.0, 0.0, 4.7671234], [0.628681, 0.628681, 0.0, 0.0, 0.0, 8.319464, 2.053979, 2.19604, 2.279867, 2.252756, 2.196793, 0.0, 0.0, 0.0, 0.0, 0.0, 3.8705622], [0.514505, 0.514505, 0.0, 0.0, 0.0, 6.913379, 1.717046, 1.858078, 1.955953, 1.905951, 1.9088609, 0.0, 0.0, 0.0, 0.0, 0.0, 3.2039005], [0.428148, 0.428148, 0.0, 0.0, 0.0, 5.82981, 1.454957, 1.591874, 1.695028, 1.632027, 1.6733812, 0.0, 0.0, 0.0, 0.0, 0.0, 2.6965878], [0.286767, 0.286767, 0.0, 0.0, 0.0, 4.01066, 1.009545, 1.130623, 1.22959, 1.156583, 1.2435728, 0.0, 0.0, 0.0, 0.0, 0.0, 1.858804], [0.204727, 0.204727, 0.0, 0.0, 0.0, 2.923092, 0.739563, 0.843739, 0.930673, 0.860973, 0.95904, 0.0, 0.0, 0.0, 0.0, 0.0, 1.3665825], [0.118756, 0.118756, 0.0, 0.0, 0.0, 1.74948, 0.44456, 0.52123, 0.584862, 0.529497, 0.6186562, 0.0, 0.0, 0.0, 0.0, 0.0, 0.8411737], [0.077227, 0.077227, 0.0, 0.0, 0.0, 1.165483, 0.29615, 0.353997, 0.400895, 0.358275, 0.4313276, 0.0, 0.0, 0.0, 0.0, 0.0, 0.5795824], [0.034935, 0.034935, 0.0, 0.0, 0.0, 0.552306, 0.139252, 0.171631, 0.195985, 0.172584, 0.2159017, 0.0, 0.0, 0.0, 0.0, 0.0, 0.2981883], [0.019788, 0.019788, 0.0, 0.0, 0.0, 0.324202, 0.080934, 0.101558, 0.116024, 0.101807, 0.1291912, 0.0, 0.0, 0.0, 0.0, 0.0, 0.1870572]]}